hashed_lens_id,r1_retrieved,r2_model1_score,r2_model2_score,r2_decision,r3_human_reviewed,r4_rescue_flag,r5_pre_dedup,r6_final_family,exclusion_reason
c7f1733dc7bd428f,True,3.5,2.5,include,False,False,True,merged,
6230ef896e108747,True,1.2,1.8,exclude,False,False,False,False,duplicate_excluded
9ec3368492a2ceb7,True,1.0,1.2,exclude,False,False,False,False,non_patent
eabc16f5627fc21c,True,3.1,3.9,include,False,False,True,True,
70d750ba3bcea1fa,True,1.0,2.3,exclude,False,False,False,False,off_topic
02ba843ff3ea936e,True,4.7,3.2,include,False,False,True,True,
f8809d159e6adfa4,True,4.5,3.5,include,False,False,True,True,
f4d572c60c839dac,True,2.3,1.3,exclude,False,False,False,False,below_threshold
6b501a465e8bb58e,True,0.7,0.7,exclude,False,False,False,False,non_patent
b431813db06c1558,True,4.7,3.6,include,False,False,True,True,
16bc722cc3abbedb,True,1.2,0.8,exclude,False,False,False,False,non_patent
1bb92241e686f7f4,True,3.6,3.3,include,False,False,True,True,
e4d2a128e0483cdd,True,3.0,4.2,include,False,False,True,True,
eb5b6f67be26cf69,True,1.4,0.6,exclude,False,False,False,False,non_patent
7bc26af36bb1fee5,True,2.6,4.4,include,False,False,True,True,
4bdca7ec5b93f71a,True,4.3,4.5,include,False,False,True,True,
830d14ef521e2c86,True,1.0,1.7,exclude,False,False,False,False,off_topic
5f6c0946ba64e555,True,3.7,2.6,include,False,False,True,True,
148e73f37d19d007,True,1.3,1.5,exclude,False,False,False,False,below_threshold
dab61a943f3f047d,True,4.7,3.6,include,False,False,True,True,
a0fb93f236db29fb,True,3.8,3.6,include,False,False,True,True,
94bb58e476474d65,True,4.3,3.5,include,False,False,True,True,
df268a1901e36b8a,True,1.6,0.4,exclude,False,False,False,False,non_patent
61a532af0e5b4902,True,2.0,0.7,exclude,False,False,False,False,non_patent
50c042f426753037,True,1.6,2.1,exclude,False,False,False,False,non_patent
c7cd863b0b2690bc,True,4.9,4.1,include,False,False,True,True,
93ad9907671a15c1,True,2.2,1.2,exclude,False,False,False,False,below_threshold
38abf94d1eb0776c,True,1.5,0.6,exclude,False,False,False,False,duplicate_excluded
b3d7fa3b26fa8eaf,True,2.9,2.8,include,False,False,True,merged,
ae76663d15293031,True,4.9,4.4,include,False,False,True,True,
17e48acdb6461b8a,True,1.8,0.3,exclude,False,False,False,False,off_topic
dfc33183cbaa3b58,True,4.2,4.8,include,False,False,True,True,
386f26158af1681e,True,2.6,4.5,include,False,False,True,True,
1c63cba42c96d45a,True,0.7,0.9,exclude,False,False,False,False,off_topic
a3e7633ee00a3afd,True,3.1,3.5,include,False,False,True,True,
f32c4f98d1c0e486,True,4.2,3.0,include,False,False,True,True,
a4f5a073d5db157f,True,0.4,1.5,exclude,False,False,False,False,non_patent
eb01f2d5eaf0cc19,True,4.0,3.1,include,False,False,True,True,
58199e60c90af94e,True,2.3,0.4,exclude,False,False,False,False,non_patent
e6d3d8057db00f09,True,4.1,3.6,include,False,False,True,True,
fb5c06e628ba58ed,True,3.6,3.5,include,False,False,True,merged,
0018915f3fb45f52,True,3.8,2.6,include,False,False,True,merged,
f210c0f6a2d247cf,True,0.2,2.4,exclude,True,False,False,False,duplicate_excluded
f3005c6e9b4e9aa4,True,1.6,1.1,exclude,False,False,False,False,duplicate_excluded
d230fe61d8ba6aeb,True,3.6,3.3,include,False,False,True,True,
c41cf19a7f906540,True,5.0,4.6,include,False,False,True,True,
dc4968100a0401f2,True,0.3,1.0,exclude,False,False,False,False,duplicate_excluded
002c46c17f277ac8,True,3.1,2.5,include,False,False,True,merged,
5943870d7455c76e,True,2.6,4.6,include,False,False,True,True,
d61022e005330cde,True,3.5,2.5,include,False,False,True,True,
85ffdb5a43d05bcd,True,2.8,3.3,include,False,False,True,merged,
452bb709743c67df,True,4.8,4.4,include,False,False,True,True,
bb6dc1c4fcfb31a6,True,4.6,4.8,include,False,False,True,True,
19288bd4a4f747d0,True,1.9,0.6,exclude,False,False,False,False,duplicate_excluded
d056a121db5e8792,True,3.0,3.0,include,False,False,True,True,
e8d9a6907753831c,True,0.6,1.9,exclude,False,False,False,False,off_topic
b927537b12ec9428,True,2.5,2.8,include,False,False,True,merged,
57dce86737d9453d,True,0.8,1.1,exclude,False,False,False,False,duplicate_excluded
ef031488306e2f81,True,1.8,0.2,exclude,False,False,False,False,duplicate_excluded
d22ff24a87c75e39,True,3.3,3.5,include,False,False,True,True,
86da4af3a56f89dd,True,0.5,2.0,exclude,False,False,False,False,duplicate_excluded
c958e56393cb39f4,True,1.3,2.3,exclude,False,False,False,False,off_topic
179748be80525132,True,3.1,4.6,include,False,False,True,True,
5a11be0311c383bb,True,1.2,2.0,exclude,False,False,False,False,duplicate_excluded
c0977e58c4de2aa7,True,2.0,1.2,exclude,False,False,False,False,below_threshold
590fcfa0a298ae12,True,0.4,2.4,exclude,False,False,False,False,non_patent
971e5c73868b3006,True,4.9,4.5,include,False,False,True,True,
3040cb03d4c9b200,True,0.9,2.0,exclude,False,False,False,False,below_threshold
5ed8fd4bcd4ceeb5,True,0.7,0.3,exclude,False,False,False,False,duplicate_excluded
0c4680acaf494fb8,True,4.2,4.2,include,False,False,True,True,
8f3b41ad58c7c2f5,True,1.5,2.1,exclude,False,False,False,False,duplicate_excluded
1f3915cfaf2d381b,True,2.8,3.1,include,False,False,True,True,
74e18061e0e64780,True,0.1,2.2,exclude,True,False,False,False,duplicate_excluded
a369296ef00549c3,True,2.3,0.6,exclude,False,False,False,False,below_threshold
38d9dc958a8b4541,True,1.6,1.2,exclude,False,False,False,False,duplicate_excluded
e1dada59b433a0fb,True,1.6,0.3,exclude,False,False,False,False,below_threshold
616fab7cc2d1da73,True,4.9,3.3,include,False,False,True,True,
8ee40a04f8c97675,True,1.2,0.2,exclude,False,False,False,False,off_topic
86bc1f5500adf2b6,True,3.5,3.4,include,False,False,True,True,
a5a04bd8afe768a6,True,3.5,3.3,include,False,False,True,merged,
e938ab6a2cd60d69,True,1.5,1.8,exclude,False,False,False,False,non_patent
0efbc58b485b04d6,True,4.1,4.6,include,False,False,True,True,
dc6697b1fd8a12dc,True,1.5,2.3,exclude,False,False,False,False,duplicate_excluded
7213bd75d79a8172,True,0.1,0.9,exclude,False,False,False,False,non_patent
bb2406c0ec196a02,True,1.1,0.6,exclude,False,False,False,False,duplicate_excluded
c136caa5eeceec6e,True,0.2,1.7,exclude,False,False,False,False,duplicate_excluded
83c396d5f50da4b5,True,0.2,0.7,exclude,False,False,False,False,below_threshold
04fa8ec20f2655a6,True,2.8,3.4,include,False,False,True,merged,
e348948ee29e6c78,True,4.2,4.1,include,False,False,True,True,
18a5058a7d7d912c,True,1.5,0.1,exclude,False,False,False,False,duplicate_excluded
88812970b0d728d7,True,0.6,0.3,exclude,False,False,False,False,off_topic
9c5115bcf4ea401b,True,0.2,1.9,exclude,False,False,False,False,off_topic
322cf357044cf46f,True,4.0,4.5,include,False,False,True,True,
6469238a0d42caf9,True,3.1,4.4,include,False,False,True,True,
f99fd89be80897ec,True,2.0,1.5,exclude,False,False,False,False,duplicate_excluded
31d534ff9c53cc84,True,2.1,0.4,exclude,False,False,False,False,off_topic
e62ce13cfad28074,True,3.9,4.5,include,False,False,True,True,
e30d2b2738727a56,True,2.8,4.7,include,False,False,True,True,
6cee743b8e2bea65,True,0.3,0.9,exclude,False,False,False,False,off_topic
87cdfd50375cf3cd,True,1.5,0.0,exclude,False,False,False,False,duplicate_excluded
79aeb870a042af4d,True,0.1,1.9,exclude,False,False,False,False,below_threshold
093f56134ccb8b5d,True,4.4,3.7,include,False,False,True,True,
43cc2e768253e508,True,1.9,1.3,exclude,False,False,False,False,below_threshold
883f07627aad16d7,True,1.1,0.6,exclude,False,False,False,False,below_threshold
6581e69ae0e704ab,True,3.7,2.5,include,False,False,True,merged,
97063b7dbbe168cd,True,1.1,2.4,exclude,False,False,False,False,below_threshold
705d9831620b387f,True,3.7,3.5,include,False,False,True,merged,
4167ed5ce28aa37e,True,1.7,1.2,exclude,False,False,False,False,non_patent
2277588d702b3416,True,0.2,0.2,exclude,False,False,False,False,off_topic
e293c55bd9e36556,True,2.7,3.2,include,False,False,True,True,
c7d8e6b3619eeb09,True,4.1,3.9,include,False,False,True,True,
c6094c8522d5a508,True,0.8,2.5,exclude,False,False,False,False,duplicate_excluded
82ff69b739fcae43,True,1.1,1.5,exclude,False,False,False,False,below_threshold
ff5dc58f25d40525,True,2.0,0.3,exclude,False,False,False,False,off_topic
24fb3941d20f9bcd,True,1.1,2.2,exclude,False,False,False,False,non_patent
19e5be65c91a16d5,True,3.3,3.6,include,False,False,True,True,
8b2eb7904d71d877,True,1.0,0.2,exclude,False,False,False,False,non_patent
dbe47ce6277c4645,True,0.8,0.6,exclude,False,False,False,False,off_topic
3e0f2cd127096d4d,True,4.2,3.7,include,False,False,True,True,
4bc8be8cc6d751bb,True,0.2,0.2,exclude,False,False,False,False,non_patent
ed3b6df24974b587,True,0.2,1.8,exclude,False,False,False,False,off_topic
7081592ea981632c,True,3.9,4.0,include,False,False,True,True,
03b91ff654625949,True,1.4,0.8,exclude,False,False,False,False,below_threshold
babd542d9e31005c,True,3.5,4.7,include,False,False,True,True,
9698cb945a4eb5b5,True,1.8,1.7,exclude,False,True,True,True,below_threshold
07caaf85a7444950,True,2.3,0.1,exclude,True,False,False,False,duplicate_excluded
19d888c22c9d1615,True,1.5,0.9,exclude,False,False,False,False,off_topic
4ab5199a6b70bd10,True,0.4,1.2,exclude,False,False,False,False,below_threshold
d62a84db3dae5976,True,0.9,1.4,exclude,False,False,False,False,below_threshold
fa99811062838617,True,1.9,1.4,exclude,False,False,False,False,non_patent
76054d3bffb71580,True,4.6,4.9,include,False,False,True,True,
85620330ed960d5a,True,2.0,1.5,exclude,False,False,False,False,below_threshold
d9bd546c4e79a652,True,1.5,1.6,exclude,False,False,False,False,duplicate_excluded
ec92a37c4f80707a,True,2.6,3.2,include,False,False,True,True,
4c0fa9203933e3d3,True,4.4,4.8,include,False,False,True,True,
897f6338be71923f,True,3.4,3.0,include,False,False,True,True,
5dfa24b6dc9c8972,True,2.9,4.1,include,False,False,True,True,
b0c19a3102e527e8,True,0.2,1.9,exclude,False,False,False,False,below_threshold
f69432bb0aa67d41,True,2.7,3.8,include,False,False,True,True,
c4763e02883be9c1,True,0.9,1.1,exclude,False,False,False,False,off_topic
c5fa1465fd15bb8f,True,3.4,4.3,include,False,False,True,True,
bdee6a9c9d574969,True,1.9,1.4,exclude,False,False,False,False,below_threshold
c50f62b291c84924,True,2.2,0.4,exclude,False,False,False,False,below_threshold
1aa149e79dec98c8,True,4.2,3.2,include,False,False,True,True,
1291d9db54312647,True,1.7,1.2,exclude,False,False,False,False,non_patent
22c9fa99df3e658b,True,1.0,0.5,exclude,False,False,False,False,below_threshold
b1954e14e5bc1d8c,True,3.4,2.8,include,False,False,True,True,
26ecf16a9adbb178,True,4.2,4.0,include,False,False,True,True,
c5383ca7a77454cc,True,1.3,0.8,exclude,False,False,False,False,off_topic
2c6a9fabcdba69ae,True,3.5,4.0,include,False,False,True,True,
408c5d0bebecf53c,True,0.0,0.8,exclude,False,False,False,False,off_topic
e44f73dca24013dd,True,1.9,1.9,exclude,False,False,False,False,duplicate_excluded
ccd5907ed1b088ad,True,0.8,0.0,exclude,False,False,False,False,non_patent
e5a5e678ee4012d5,True,2.9,3.5,include,False,False,True,True,
af610f272964d1b8,True,1.8,1.3,exclude,False,False,False,False,duplicate_excluded
b75adff01b358048,True,2.7,4.7,include,False,False,True,True,
c0d16fa6ff279f0e,True,2.6,2.5,include,False,False,True,True,
f17257e3385de83b,True,4.8,4.7,include,False,False,True,True,
6f56760db4e2973f,True,3.9,3.9,include,False,False,True,True,
a11881027290f526,True,1.8,1.0,exclude,False,False,False,False,below_threshold
055637e11ca47597,True,3.5,4.9,include,False,False,True,True,
c9a509d9d157e6c4,True,2.9,4.9,include,False,False,True,True,
b4cf95f0b6a7e8ee,True,1.2,1.7,exclude,False,False,False,False,duplicate_excluded
eab70e9a34c7342a,True,0.2,2.1,exclude,False,False,False,False,off_topic
4a69c1f445a4a850,True,1.1,1.0,exclude,False,False,False,False,below_threshold
225b5e54499d7bef,True,3.5,3.3,include,False,False,True,True,
f7a28fbde830cc27,True,0.8,0.8,exclude,False,False,False,False,off_topic
264a39838338450a,True,0.2,1.6,exclude,False,False,False,False,off_topic
e6a845e1b8015ec2,True,4.8,3.4,include,False,False,True,True,
00988ccaf561b7cf,True,1.8,2.0,exclude,False,False,False,False,off_topic
c7a68532c340a831,True,0.6,0.4,exclude,False,False,False,False,off_topic
74366d5bbf082c78,True,2.9,2.9,include,False,False,True,True,
ff0800fc2d600343,True,1.9,0.2,exclude,False,False,False,False,non_patent
a083b02d5c96d8af,True,3.7,3.9,include,False,False,True,True,
be4032bbe5b0a942,True,3.9,4.2,include,False,False,True,True,
f426808583fcc22e,True,2.5,1.8,exclude,False,True,True,merged,below_threshold
390b93ceed7e86f2,True,1.6,1.6,exclude,False,True,True,merged,below_threshold
71920689375d7fd5,True,3.6,3.7,include,False,False,True,True,
686276a2f01a48c1,True,4.1,4.5,include,False,False,True,True,
8d9f5ecc1927338d,True,1.5,0.9,exclude,False,False,False,False,below_threshold
3a2d420ad065c733,True,0.8,1.1,exclude,False,False,False,False,below_threshold
fd86a2cf0d257827,True,0.9,0.7,exclude,False,False,False,False,below_threshold
10e6c7249cfcf195,True,1.5,1.3,exclude,False,False,False,False,non_patent
2ef5af5b74180fa5,True,3.8,3.4,include,False,False,True,merged,
727af2cfe2f9d054,True,3.6,4.5,include,False,False,True,True,
ce018a42cd42e0f9,True,4.1,3.3,include,False,False,True,True,
b39fa76398dacc8c,True,1.2,0.4,exclude,False,False,False,False,below_threshold
54f487c9ea84204f,True,3.6,4.5,include,False,False,True,True,
9a6f3957eadfec1d,True,3.7,3.6,include,False,False,True,merged,
c8a17b4ae73f10ed,True,1.3,0.4,exclude,False,False,False,False,off_topic
337d6d82357cf765,True,4.3,5.0,include,False,False,True,True,
ee9b5a1119173fdb,True,3.8,4.0,include,False,False,True,True,
61d8f504413e3ac7,True,0.9,2.3,exclude,False,False,False,False,non_patent
542261e5d2654b92,True,1.0,0.8,exclude,False,False,False,False,below_threshold
c00e2e3cc4acb5ef,True,4.5,4.1,include,False,False,True,True,
21061f7a6883fece,True,0.2,0.2,exclude,False,False,False,False,non_patent
fa88423e07673d4a,True,0.7,1.8,exclude,False,False,False,False,off_topic
b09174e3abb99255,True,0.8,1.5,exclude,False,False,False,False,off_topic
12910590447c05ad,True,4.8,3.3,include,False,False,True,True,
99893088ada8f7bb,True,1.6,1.7,exclude,False,False,False,False,off_topic
f95d3140c468c8de,True,1.5,2.3,exclude,False,False,False,False,duplicate_excluded
db62780afdafb7ba,True,1.4,1.6,exclude,False,False,False,False,duplicate_excluded
2e6d64681fad9c7a,True,4.5,4.2,include,False,False,True,True,
cab2f301199d31b1,True,3.3,4.0,include,False,False,True,merged,
2e2633ad6dd01f34,True,1.6,1.1,exclude,False,False,False,False,duplicate_excluded
8ca385eac9fc1c3a,True,0.0,0.8,exclude,False,False,False,False,off_topic
9d11fb44affeb63b,True,0.9,1.9,exclude,False,False,False,False,off_topic
579fe99ec776a3bf,True,3.1,2.8,include,False,False,True,True,
28a897facbf85988,True,0.2,2.1,exclude,False,False,False,False,below_threshold
3c77e723f3e0863d,True,1.3,1.3,exclude,False,False,False,False,below_threshold
243e151852f24192,True,4.2,4.7,include,False,False,True,True,
00cb606917f2763b,True,1.5,1.5,exclude,False,False,False,False,off_topic
ddea299a26527932,True,0.4,2.1,exclude,False,False,False,False,off_topic
f70af45b855de480,True,1.8,0.1,exclude,False,False,False,False,duplicate_excluded
59deb6e907c89cf9,True,1.7,0.6,exclude,False,False,False,False,non_patent
881920fbb725a7ac,True,4.0,4.4,include,False,False,True,True,
01ad785e4e4f9272,True,4.5,3.1,include,False,False,True,True,
3d963547ab348f8b,True,3.1,4.9,include,False,False,True,True,
1a81261656aed500,True,3.1,3.3,include,False,False,True,merged,
6e375f49cc6da0d0,True,3.4,4.9,include,False,False,True,True,
cfafb743fdc7a91e,True,5.0,3.7,include,False,False,True,True,
a525a45c1fdfe717,True,0.7,1.0,exclude,False,False,False,False,non_patent
70926c13a49c9fbd,True,3.7,3.4,include,False,False,True,merged,
067ae66ffc6a99cd,True,2.2,0.1,exclude,True,False,False,False,non_patent
f612017e835ff00f,True,4.7,3.9,include,False,False,True,True,
4f963976209c4d96,True,2.8,4.6,include,False,False,True,True,
655022fc24440333,True,2.1,0.7,exclude,False,False,False,False,off_topic
8555962fede5a661,True,3.2,4.8,include,False,False,True,True,
c590c4443f44fa94,True,0.4,1.1,exclude,False,False,False,False,off_topic
c6b74e5cf775b342,True,3.8,3.4,include,False,False,True,merged,
3040c8f8e26313bd,True,3.5,3.5,include,False,False,True,True,
58d542996d171980,True,3.4,3.5,include,False,False,True,True,
41399c738c66ee45,True,2.7,3.1,include,False,False,True,True,
89995db157a6233a,True,0.8,0.2,exclude,False,False,False,False,duplicate_excluded
ed82c44d074b7be6,True,2.0,0.3,exclude,False,False,False,False,duplicate_excluded
f5a37f421469cc2b,True,2.3,1.2,exclude,False,False,False,False,off_topic
1e6f83aad52a76be,True,4.4,3.7,include,False,False,True,True,
dac97fa1f38ab4ba,True,4.0,4.8,include,False,False,True,True,
ec9b3867deff32a1,True,0.0,0.5,exclude,False,False,False,False,off_topic
e4fe6a8b7c5f5e51,True,3.9,4.3,include,False,False,True,True,
0050df7489662f12,True,1.3,0.3,exclude,False,False,False,False,duplicate_excluded
8c3f71956c79f8d5,True,0.6,0.3,exclude,False,False,False,False,off_topic
916c3921933d996a,True,1.0,2.0,exclude,False,False,False,False,non_patent
1a0a96b9cb9e97cf,True,2.7,4.6,include,False,False,True,True,
0bf4041f8bc0ebb2,True,1.2,1.3,exclude,False,False,False,False,off_topic
d53617cdafe31e7c,True,1.8,0.7,exclude,False,False,False,False,below_threshold
40e7f7abe2bdf205,True,1.5,0.6,exclude,False,False,False,False,non_patent
75d54a1ecdd2aea5,True,3.0,4.2,include,False,False,True,True,
746b5d57c070e40c,True,1.3,0.9,exclude,False,False,False,False,below_threshold
f48d618f7e98aa52,True,3.5,3.7,include,False,False,True,True,
ac48ca528359f9dc,True,3.6,2.6,include,False,False,True,merged,
cf35f014c63d655d,True,1.9,0.9,exclude,False,False,False,False,below_threshold
af04ae9fe570c2bb,True,0.9,1.8,exclude,False,False,False,False,below_threshold
639e315cd89b02cf,True,1.9,1.8,exclude,False,False,False,False,duplicate_excluded
f71f6a1591c0ccff,True,2.8,3.4,include,False,False,True,True,
0907577bdfe52677,True,3.3,4.1,include,False,False,True,True,
3c4dd4863a99a1f4,True,2.1,1.7,exclude,False,False,False,False,non_patent
58cd08433eb6cca9,True,1.6,2.0,exclude,False,False,False,False,below_threshold
44161ccddecc97fe,True,2.8,2.9,include,False,False,True,merged,
bbd39c93a94851bb,True,3.2,2.6,include,False,False,True,True,
4a3178079eb0a03d,True,3.0,2.6,include,False,False,True,True,
8e4749c8bba469f3,True,2.3,1.3,exclude,False,False,False,False,non_patent
4d0622d3b33b75f4,True,0.6,1.9,exclude,False,False,False,False,off_topic
53af68e44ce6465c,True,0.7,2.2,exclude,False,False,False,False,below_threshold
cba1293d3f975e3b,True,2.2,0.8,exclude,False,False,False,False,below_threshold
506e975b8c882318,True,2.0,1.1,exclude,False,False,False,False,non_patent
9cc6631ff58d9ecd,True,4.4,4.7,include,False,False,True,True,
17870d810cdce2d0,True,3.5,4.9,include,False,False,True,True,
49abf704cbc8236e,True,3.7,3.7,include,False,False,True,True,
94b80488f8aeb65f,True,2.3,1.3,exclude,False,False,False,False,below_threshold
04456bcd41f604e2,True,1.8,0.2,exclude,False,False,False,False,off_topic
6aed81b31bfd694b,True,1.4,0.8,exclude,False,False,False,False,below_threshold
37821169a32741f9,True,0.8,0.7,exclude,False,False,False,False,non_patent
c21ca2e2e656e86b,True,1.5,1.1,exclude,False,False,False,False,non_patent
3f51862cd698e931,True,0.9,0.1,exclude,False,False,False,False,duplicate_excluded
7516bc3d42cdde89,True,1.5,1.1,exclude,False,False,False,False,below_threshold
a56a13c0f784b20f,True,0.2,1.6,exclude,False,False,False,False,duplicate_excluded
9c16b598a480cf01,True,3.8,4.4,include,False,False,True,True,
2ab2d4d1d563aff7,True,0.4,0.1,exclude,False,False,False,False,non_patent
f15983ad37576061,True,0.1,0.2,exclude,False,False,False,False,duplicate_excluded
f23739c02d4a07e3,True,3.4,4.9,include,False,False,True,True,
b55bb4fe5e721809,True,2.6,2.9,include,False,False,True,True,
5017d70cb3569c59,True,1.1,0.9,exclude,False,False,False,False,non_patent
62f95d0103c3b949,True,1.9,1.4,exclude,False,False,False,False,duplicate_excluded
0a69beaac4664933,True,1.0,1.6,exclude,False,False,False,False,off_topic
7fd8e01f0cfbf916,True,2.4,0.1,exclude,True,False,False,False,off_topic
77fe0b23a9af8601,True,3.7,3.5,include,False,False,True,True,
86e9c6ed1c0ccf1f,True,3.9,3.2,include,False,False,True,True,
a9da506b6e1cc5c1,True,3.2,3.6,include,False,False,True,True,
8eeb289531b7d07b,True,2.5,0.7,exclude,False,False,False,False,non_patent
32884a89406f30c7,True,0.5,0.3,exclude,False,False,False,False,below_threshold
9752dcf000c775a7,True,3.6,4.7,include,False,False,True,True,
e1b6a7fb883f83fc,True,1.1,0.2,exclude,False,False,False,False,duplicate_excluded
a8d256b8ac3cf5dd,True,4.2,4.3,include,False,False,True,True,
ca51c41f88e748b7,True,1.4,0.7,exclude,False,False,False,False,duplicate_excluded
812a9eb35f301e10,True,4.6,4.3,include,False,False,True,True,
1e54b49f50c5bb6b,True,2.6,2.8,include,False,False,True,merged,
de947290ab1fc98b,True,1.3,0.3,exclude,False,False,False,False,off_topic
16c9f3a881b77bab,True,2.0,0.6,exclude,False,False,False,False,non_patent
e4817a7c2ba9ba46,True,0.1,1.4,exclude,False,False,False,False,duplicate_excluded
9be0550f725a7e1a,True,1.2,2.5,exclude,False,False,False,False,off_topic
887deea288f4fd6c,True,4.0,2.7,include,False,False,True,True,
618f3a5a6644c373,True,3.3,5.0,include,False,False,True,True,
5f7fe791fadd9b38,True,1.8,1.3,exclude,False,False,False,False,non_patent
b61e6aa5883d1bb9,True,2.1,0.2,exclude,False,False,False,False,duplicate_excluded
04ff87b461ae2681,True,1.6,1.1,exclude,False,False,False,False,duplicate_excluded
b36da75395f6bcd4,True,2.8,4.6,include,False,False,True,True,
1dece901c7ee5823,True,3.9,4.0,include,False,False,True,True,
89da2f526d7f9b37,True,4.4,2.8,include,False,False,True,True,
23464bd9e96a261a,True,3.8,4.7,include,False,False,True,True,
37a13739f4b8215c,True,2.1,1.3,exclude,False,False,False,False,duplicate_excluded
31d550e951c4f958,True,0.4,0.8,exclude,False,False,False,False,off_topic
ab24d7fe6031ff9f,True,3.4,4.9,include,False,False,True,True,
8c9b0787b6effca7,True,4.7,4.6,include,False,False,True,True,
deb08439018f2eb9,True,0.6,1.6,exclude,False,False,False,False,duplicate_excluded
f27a22c4f9a424c2,True,2.8,3.3,include,False,False,True,True,
debf613efd6eafc4,True,1.3,1.3,exclude,False,False,False,False,off_topic
c55418772f6a494c,True,1.5,1.5,exclude,False,False,False,False,off_topic
db48f17e83d854a3,True,4.1,4.3,include,False,False,True,True,
f7ece6b35bdd6e7d,True,1.5,2.1,exclude,False,False,False,False,below_threshold
968a9f8518336dd8,True,4.6,2.6,include,False,False,True,True,
5842d92fb58574de,True,0.1,1.6,exclude,False,False,False,False,duplicate_excluded
856b19edfb06fa28,True,1.6,1.9,exclude,False,False,False,False,non_patent
8a27ee7b694f493c,True,4.0,2.6,include,False,False,True,True,
9010443205a88875,True,4.7,3.9,include,False,False,True,True,
50b0b18e9b6ed7f4,True,1.6,0.8,exclude,False,False,False,False,off_topic
dae1bee9334b1a05,True,4.5,4.2,include,False,False,True,True,
e95b96186c7be254,True,0.7,0.2,exclude,False,False,False,False,below_threshold
b8417bf98af5fee9,True,0.4,1.0,exclude,False,False,False,False,non_patent
a939249b264d7cc5,True,3.0,4.0,include,False,False,True,True,
5437a4a8eefb014c,True,3.3,4.3,include,False,False,True,True,
88dde3ce63e902d0,True,2.7,2.9,include,False,False,True,merged,
b6bc58830236ae0b,True,0.3,0.9,exclude,False,False,False,False,below_threshold
77b06af047874fb5,True,0.8,1.2,exclude,False,False,False,False,duplicate_excluded
edc8771b58bcd5d7,True,1.1,0.4,exclude,False,False,False,False,below_threshold
8609f3173c0f2e2f,True,0.7,1.0,exclude,False,False,False,False,non_patent
7e1e1260190b8070,True,3.1,4.7,include,False,False,True,True,
9df98ca1c401f01e,True,2.9,3.3,include,False,False,True,True,
2761c978977029e0,True,3.9,3.3,include,False,False,True,True,
bf29d792b0faa482,True,1.9,1.2,exclude,False,False,False,False,non_patent
57a9d77ae3a056e8,True,1.2,0.8,exclude,False,False,False,False,below_threshold
5d52408f8603beec,True,0.2,1.0,exclude,False,False,False,False,non_patent
cc9cf2e8819c0593,True,4.9,3.0,include,False,False,True,True,
8310b4740a112202,True,0.9,0.1,exclude,False,False,False,False,non_patent
8f663f7361b15001,True,4.0,4.6,include,False,False,True,True,
22d834fd12e9df8e,True,1.7,0.7,exclude,False,False,False,False,below_threshold
0eec664f23563d84,True,4.6,3.6,include,False,False,True,True,
ecb2bf713807d147,True,3.5,3.0,include,False,False,True,merged,
6bbd0f46a9eae07c,True,0.9,1.0,exclude,False,False,False,False,off_topic
94fbb756acaf7dd5,True,0.9,0.7,exclude,False,False,False,False,non_patent
01be87a5645d6af0,True,1.3,1.9,exclude,False,False,False,False,duplicate_excluded
8f99ae75876d104e,True,2.1,1.6,exclude,False,False,False,False,below_threshold
9b0e3275eae5a492,True,0.3,0.2,exclude,False,False,False,False,duplicate_excluded
033f4f622011fa70,True,2.0,0.8,exclude,False,False,False,False,duplicate_excluded
8c0c01af8be18933,True,4.4,3.0,include,False,False,True,True,
e3b4f81b73f17389,True,1.3,1.3,exclude,False,False,False,False,below_threshold
cac8bf58274adf16,True,2.6,4.3,include,False,False,True,True,
7b49605d65eddb99,True,4.5,3.8,include,False,False,True,True,
f72fef4b65d49e27,True,0.4,2.2,exclude,False,False,False,False,off_topic
96096bc1d8a6fd05,True,3.3,4.0,include,False,False,True,True,
af043745a63ebccc,True,2.9,5.0,include,False,False,True,True,
72fa6f6a9f366d96,True,1.8,0.7,exclude,False,False,False,False,duplicate_excluded
09192f6af94cee15,True,1.3,1.3,exclude,False,False,False,False,non_patent
4a68b2de0e3fe556,True,1.8,0.7,exclude,False,False,False,False,below_threshold
8d07bd008b8bf219,True,0.9,1.7,exclude,False,False,False,False,non_patent
c178a339903ec49c,True,4.0,4.5,include,False,False,True,True,
d12e6e4fc357570e,True,4.3,4.2,include,False,False,True,True,
48d9617671020d25,True,0.1,1.2,exclude,False,False,False,False,off_topic
39abcadde4a84f01,True,4.3,4.0,include,False,False,True,True,
fcc896d8c246838a,True,0.4,1.6,exclude,False,False,False,False,non_patent
cc3ebe82414c3499,True,0.4,1.7,exclude,False,False,False,False,below_threshold
9eb30f080b029400,True,3.9,4.3,include,False,False,True,True,
c8089297fdc262b3,True,0.5,1.1,exclude,False,False,False,False,non_patent
72d69ff45c342bb9,True,2.9,4.2,include,False,False,True,True,
e39fafa377a1f7da,True,3.5,4.4,include,False,False,True,True,
9cd8d0847495b0be,True,3.1,2.8,include,False,False,True,merged,
95571121ed19031d,True,1.8,1.3,exclude,False,False,False,False,duplicate_excluded
4550dbb7a0238c12,True,2.5,1.2,exclude,False,False,False,False,non_patent
43497027f5e7a60d,True,3.3,2.9,include,False,False,True,True,
6f841e5096452bb6,True,2.3,0.9,exclude,False,False,False,False,duplicate_excluded
fa819bcf63d41e81,True,2.9,3.9,include,False,False,True,merged,
6d29e70c976b6fee,True,1.5,0.5,exclude,False,False,False,False,off_topic
c18c6b6b5eb0a711,True,0.7,0.7,exclude,False,False,False,False,duplicate_excluded
1bffcc10fbc3e67c,True,1.9,1.8,exclude,False,False,False,False,non_patent
2c724cd9344fbc94,True,0.8,0.9,exclude,False,False,False,False,duplicate_excluded
476d0865a7aea38d,True,0.7,1.4,exclude,False,False,False,False,non_patent
126076111f65966d,True,2.2,1.0,exclude,False,False,False,False,duplicate_excluded
1330312a9f0feebe,True,3.5,3.4,include,False,False,True,merged,
34d867073ce07058,True,0.1,2.4,exclude,True,False,False,False,below_threshold
0ea31e1f9d6c769c,True,0.9,1.1,exclude,False,False,False,False,duplicate_excluded
8b925353ef7484c2,True,1.9,0.5,exclude,False,False,False,False,duplicate_excluded
01e43d1437577069,True,2.8,3.6,include,False,False,True,merged,
15a1d8b727b511a1,True,2.8,4.4,include,False,False,True,True,
b4fc427e4fb688c0,True,3.1,2.6,include,False,False,True,True,
3ccc8aa970992170,True,2.3,0.6,exclude,False,False,False,False,off_topic
41c603ef1ab2f176,True,2.6,3.5,include,False,False,True,True,
3cd0c8c53bc0ca5b,True,1.8,0.3,exclude,False,False,False,False,off_topic
00f4938eafeceae5,True,2.5,3.9,include,False,False,True,True,
5fc7761118ab1756,True,4.8,3.5,include,False,False,True,True,
561ba07790c351e5,True,2.7,3.1,include,False,False,True,merged,
506c26ef0bf56f18,True,4.1,4.4,include,False,False,True,True,
88ad1ff8d2b3829a,True,0.7,0.7,exclude,False,False,False,False,below_threshold
27c8582cb35fe8fe,True,4.8,2.7,include,False,False,True,True,
661ea52d5e256f24,True,2.5,2.1,exclude,False,True,True,True,below_threshold
f0b38f8b874133d2,True,4.3,4.8,include,False,False,True,True,
1ed531b71970893b,True,2.3,0.4,exclude,False,False,False,False,off_topic
e36f462cf121967c,True,2.3,0.1,exclude,True,False,False,False,non_patent
8e4cf1ae516dc0b1,True,2.0,0.5,exclude,False,False,False,False,duplicate_excluded
6fcd22e35fbdf43d,True,4.7,2.5,include,False,False,True,True,
c9fc76ab7dee510e,True,3.9,2.8,include,False,False,True,True,
f884a61ed4afc24f,True,2.5,0.7,exclude,False,False,False,False,non_patent
a84598edc8d24638,True,4.7,2.8,include,False,False,True,True,
6ad6e2561906f50f,True,3.8,3.2,include,False,False,True,True,
76c264991a34e909,True,4.5,3.3,include,False,False,True,True,
2934bd3a4e6f3310,True,4.3,4.1,include,False,False,True,True,
611fe5cd361437d1,True,1.8,0.0,exclude,False,False,False,False,duplicate_excluded
2f9db9521be4ede8,True,4.5,3.9,include,False,False,True,True,
3f3942b212929f27,True,1.9,0.4,exclude,False,False,False,False,non_patent
3a9b1a9bf4238bd5,True,2.1,1.3,exclude,False,False,False,False,below_threshold
152e62c34da76f07,True,1.0,0.2,exclude,False,False,False,False,off_topic
4eab01fa799b3060,True,3.7,4.8,include,False,False,True,True,
b08c0cc492eed5ac,True,0.0,1.0,exclude,False,False,False,False,non_patent
57e5d506cc5c9f16,True,4.4,4.9,include,False,False,True,True,
2b5930cdd7b198b2,True,0.8,1.8,exclude,False,False,False,False,below_threshold
5039a19db1c6601c,True,3.2,3.4,include,False,False,True,True,
d9734ff15484dc6f,True,0.6,1.7,exclude,False,False,False,False,non_patent
ce8ecab003dad9a3,True,0.8,1.0,exclude,False,False,False,False,duplicate_excluded
bf360e266dc5262e,True,1.7,1.6,exclude,False,False,False,False,duplicate_excluded
db99fa4216535573,True,3.4,3.1,include,False,False,True,True,
3b0cd6c9d48d6f9a,True,2.4,1.2,exclude,False,False,False,False,non_patent
1738ef5e2dd394ce,True,4.4,4.0,include,False,False,True,True,
f3efab4c0ab16ff5,True,3.5,3.9,include,False,False,True,True,
ae77ad71311af342,True,3.7,3.8,include,False,False,True,True,
1c5362dc64125c4b,True,4.2,3.0,include,False,False,True,True,
e319f0f44a39729b,True,0.6,1.9,exclude,False,False,False,False,below_threshold
4b9aec64ce7ca6de,True,1.3,1.3,exclude,False,False,False,False,duplicate_excluded
8fe16863127ebbf8,True,2.7,3.9,include,False,False,True,True,
8f16a043ed8e1039,True,0.2,1.4,exclude,False,False,False,False,off_topic
2ec7a20fb1900971,True,1.4,0.4,exclude,False,False,False,False,duplicate_excluded
9f6bb6442287fd59,True,4.6,3.6,include,False,False,True,True,
adacbbab418b236e,True,4.2,4.3,include,False,False,True,True,
9f3f4dd25f7381f0,True,3.7,4.7,include,False,False,True,True,
7331589b3caf41d3,True,1.1,0.1,exclude,False,False,False,False,off_topic
c4c2c497d57f0436,True,1.3,1.1,exclude,False,False,False,False,below_threshold
d15f77ecb60fca3e,True,1.4,1.7,exclude,False,False,False,False,duplicate_excluded
22ec6ecc99735b6b,True,1.8,1.0,exclude,False,False,False,False,below_threshold
79af734c671ce5c3,True,4.4,3.9,include,False,False,True,True,
66784b4067b23736,True,2.6,3.4,include,False,False,True,True,
a5dc7714ea9f44a7,True,0.2,2.5,exclude,True,False,False,False,below_threshold
3cbc4c429cd482cb,True,5.0,3.7,include,False,False,True,True,
9d95f354d4b8d79a,True,3.2,2.9,include,False,False,True,True,
e83e35a14cc4fef7,True,2.8,4.1,include,False,False,True,True,
5741d9afaa6f5754,True,3.3,3.5,include,False,False,True,merged,
cca6961c98d48bdb,True,5.0,3.5,include,False,False,True,True,
15f2db882092d77e,True,3.8,3.7,include,False,False,True,merged,
8849864a55b75c6c,True,0.2,2.4,exclude,True,False,False,False,off_topic
2dae3a32863e9bd8,True,4.1,3.4,include,False,False,True,True,
54588e9ee7de7a04,True,0.4,1.3,exclude,False,False,False,False,off_topic
fc6b2fbaf6f38c21,True,4.3,3.1,include,False,False,True,True,
d07fc380e2d22f44,True,0.0,0.1,exclude,False,False,False,False,duplicate_excluded
2b86bdb89ff35241,True,3.7,4.3,include,False,False,True,True,
eeb12703c91813a9,True,3.6,3.4,include,False,False,True,True,
0575e4748109e372,True,3.1,3.7,include,False,False,True,True,
075ee080b34fe725,True,0.4,0.5,exclude,False,False,False,False,below_threshold
42ad785891f85b9a,True,0.1,1.7,exclude,False,False,False,False,below_threshold
b0aeb394e9276c0d,True,0.6,0.2,exclude,False,False,False,False,below_threshold
a985cd3778fc5d4c,True,3.6,4.2,include,False,False,True,True,
1c5f90ad20bd005d,True,4.7,3.1,include,False,False,True,True,
cad4886dbefd3493,True,2.6,3.6,include,False,False,True,True,
1ff6d1ebcf80378a,True,1.3,1.9,exclude,False,False,False,False,below_threshold
609e2db0e86fed48,True,0.4,2.5,exclude,True,False,False,False,off_topic
1b72c572201e8d4a,True,2.0,1.8,exclude,False,False,False,False,duplicate_excluded
8ea0c600b8248dd5,True,3.9,4.4,include,False,False,True,True,
d598d2a93b7ab95a,True,4.5,3.1,include,False,False,True,True,
432c0a050d183cf9,True,2.8,2.5,include,False,False,True,merged,
433342a7deef8c6a,True,1.0,0.7,exclude,False,False,False,False,off_topic
86a7473a6b61650e,True,4.1,3.6,include,False,False,True,True,
f6f15a8fef0851bd,True,1.2,2.4,exclude,False,False,False,False,non_patent
2c292e832133ee5f,True,4.5,3.3,include,False,False,True,True,
dee04274bfba9d82,True,1.0,0.4,exclude,False,False,False,False,non_patent
964c4ef21e03bfbd,True,3.0,3.8,include,False,False,True,True,
536e6dfa57102c98,True,0.6,0.6,exclude,False,False,False,False,off_topic
35eab193b14451bf,True,4.5,4.8,include,False,False,True,True,
beeee6455c7cd18a,True,3.9,4.9,include,False,False,True,True,
a6a140351db45b66,True,3.9,2.8,include,False,False,True,True,
32e2ecb3fc31ad62,True,3.1,3.0,include,False,False,True,True,
7deb63ba366a470e,True,3.0,2.9,include,False,False,True,merged,
9cee0d3696f4de94,True,2.7,4.3,include,False,False,True,True,
73a7142cf12ea40c,True,0.5,0.7,exclude,False,False,False,False,below_threshold
7f716e6d630e5f40,True,4.7,3.0,include,False,False,True,True,
15f009eb8566e731,True,4.4,4.3,include,False,False,True,True,
ad71e75e600a2075,True,3.9,3.7,include,False,False,True,True,
d405ec98bb42980e,True,2.2,0.8,exclude,False,False,False,False,below_threshold
85a70da3e4bb759c,True,0.5,0.5,exclude,False,False,False,False,below_threshold
6076b85e05d86955,True,1.9,1.9,exclude,False,False,False,False,off_topic
9f7ca6653d87fbc0,True,1.7,1.8,exclude,False,False,False,False,non_patent
0442b6ac792296aa,True,4.8,3.9,include,False,False,True,True,
50ca2762d633a100,True,1.9,1.0,exclude,False,False,False,False,duplicate_excluded
ed0ec72ab49da436,True,0.8,0.9,exclude,False,False,False,False,non_patent
9f3c56d870826909,True,3.7,4.5,include,False,False,True,True,
0fab5760f8c14bf8,True,1.8,1.9,exclude,False,False,False,False,duplicate_excluded
a19a599390b5200e,True,2.3,0.9,exclude,False,False,False,False,non_patent
1b770cda93741dd8,True,0.1,2.2,exclude,True,False,False,False,off_topic
13b0cb6fe29f3dcc,True,0.0,1.4,exclude,False,False,False,False,non_patent
f35b72d2da3c4bb3,True,3.2,3.0,include,False,False,True,True,
05e3e6078fd56b78,True,3.1,3.9,include,False,False,True,True,
f3baebd7c33a5274,True,3.1,3.9,include,False,False,True,True,
56ef9c1e9e00c2ce,True,2.4,0.8,exclude,False,False,False,False,non_patent
57ab1a3bdca0976f,True,4.9,4.1,include,False,False,True,True,
ecb75f9e67d9f2af,True,3.7,2.9,include,False,False,True,True,
7eaf39c7b3eacdeb,True,2.0,0.4,exclude,False,False,False,False,non_patent
045b357d19973576,True,3.0,4.7,include,False,False,True,True,
0aa2e3238ac8bde1,True,2.8,3.9,include,False,False,True,merged,
897b336b487468fb,True,4.6,2.7,include,False,False,True,True,
91529ae96249a138,True,2.0,0.1,exclude,False,False,False,False,below_threshold
ddcdf1798c280e15,True,3.5,4.6,include,False,False,True,True,
aa6fa7991e655e8b,True,0.6,1.8,exclude,False,False,False,False,below_threshold
a81ffa3bb569dfe5,True,0.5,1.1,exclude,False,False,False,False,below_threshold
74d245bfd10d5bc5,True,1.5,1.7,exclude,False,False,False,False,non_patent
cb1e35ada4836462,True,4.1,2.5,include,False,False,True,True,
5a1e39413eae0807,True,3.8,3.5,include,False,False,True,True,
a5931a0a35f2927d,True,0.0,1.8,exclude,False,False,False,False,duplicate_excluded
78c94a48394a6b68,True,0.0,2.0,exclude,False,False,False,False,non_patent
83cd2a4f668d69f3,True,3.8,3.0,include,False,False,True,merged,
11362703b2f3e53d,True,2.3,1.3,exclude,False,False,False,False,off_topic
47ddf7ab5c463a01,True,3.0,3.8,include,False,False,True,True,
1ff52e8a3d7efd66,True,2.0,0.7,exclude,False,False,False,False,non_patent
95f5cb0fd5a81538,True,2.7,4.9,include,False,False,True,True,
4dff99be848508d9,True,1.1,0.6,exclude,False,False,False,False,off_topic
b0ef21550512429c,True,0.7,2.1,exclude,False,False,False,False,below_threshold
e70e9ce42f487ebd,True,4.1,4.6,include,False,False,True,True,
ed04c523fcb492c0,True,1.9,0.2,exclude,False,False,False,False,non_patent
9ab128a01b9f097b,True,0.9,1.2,exclude,False,False,False,False,below_threshold
026d2edbbfcaa9b7,True,4.3,2.7,include,False,False,True,True,
9f84f23d379e42ea,True,2.1,1.6,exclude,False,False,False,False,duplicate_excluded
77f2fd90aa422478,True,3.9,4.6,include,False,False,True,True,
3937c651e19e9fef,True,2.7,3.8,include,False,False,True,True,
4f393be6efd8f6c3,True,2.6,3.0,include,False,False,True,True,
c6e6bea247718ca9,True,3.5,3.1,include,False,False,True,merged,
b583338d57946698,True,0.7,2.3,exclude,False,False,False,False,duplicate_excluded
c93500417ef3e005,True,2.2,1.4,exclude,False,False,False,False,below_threshold
2c8c8d63a1b922a6,True,0.4,2.1,exclude,False,False,False,False,below_threshold
8b5cd453778e1399,True,3.9,3.2,include,False,False,True,merged,
3301724340304ba3,True,2.3,0.7,exclude,False,False,False,False,off_topic
f10100e45f6281da,True,3.9,4.6,include,False,False,True,True,
f122d4b93f57ce86,True,1.7,1.4,exclude,False,False,False,False,non_patent
a968560f8de367b7,True,1.9,0.3,exclude,False,False,False,False,below_threshold
740c8ce8ce2d921b,True,3.8,4.9,include,False,False,True,True,
e5612475fee09bd7,True,2.6,3.6,include,False,False,True,True,
000aa03d0ee358d2,True,2.1,0.9,exclude,False,False,False,False,non_patent
167667731a1a0953,True,4.9,3.3,include,False,False,True,True,
c5f802bebf4b6e89,True,4.1,4.5,include,False,False,True,True,
8f6c22012265f31d,True,1.1,0.6,exclude,False,False,False,False,non_patent
d57f89ab5389916d,True,1.1,1.7,exclude,False,False,False,False,non_patent
30974ba51172ca11,True,2.7,4.0,include,False,False,True,True,
a69821a6d5fcf662,True,2.0,1.8,exclude,False,False,False,False,below_threshold
d6cd45a66b8cda53,True,0.7,0.9,exclude,False,False,False,False,off_topic
7eb81ea9c4a82ce9,True,4.3,3.3,include,False,False,True,True,
417c486d028713e5,True,0.3,0.0,exclude,False,False,False,False,duplicate_excluded
a7e95985149290d0,True,1.1,1.9,exclude,False,False,False,False,below_threshold
d9ee908893be4338,True,2.8,3.0,include,False,False,True,True,
20f8cf6d74edb085,True,3.6,3.9,include,False,False,True,True,
acf79e3230efc211,True,1.0,0.1,exclude,False,False,False,False,duplicate_excluded
7d9befdb88cb35d5,True,1.4,1.5,exclude,False,False,False,False,duplicate_excluded
3ca0bd7f88595720,True,4.7,2.5,include,False,False,True,True,
8350f72e22a6026a,True,1.0,1.9,exclude,False,False,False,False,off_topic
eb6961bce64449b1,True,1.4,0.4,exclude,False,False,False,False,non_patent
79352e9638d41c47,True,0.4,0.7,exclude,False,False,False,False,duplicate_excluded
a46e28f228497d50,True,1.2,0.2,exclude,False,False,False,False,non_patent
896a05bf23c3a525,True,3.2,3.2,include,False,False,True,True,
cdd0404a79017c5d,True,4.5,3.4,include,False,False,True,True,
3a7e19983dabef19,True,2.9,2.9,include,False,False,True,merged,
5c7b1d8f3672c07f,True,1.5,0.5,exclude,False,False,False,False,below_threshold
ce00fb09f97320f7,True,2.8,2.5,include,False,False,True,True,
111d20509e005d03,True,1.0,2.1,exclude,False,False,False,False,non_patent
b2b476ba111a4544,True,2.0,0.8,exclude,False,False,False,False,duplicate_excluded
dfe1fef47b471b96,True,3.6,4.6,include,False,False,True,True,
ea2d292f52b2bb18,True,1.6,1.5,exclude,False,False,False,False,duplicate_excluded
84d7d71763418bcf,True,0.8,2.4,exclude,False,False,False,False,off_topic
b5e7bd18140b4e33,True,1.2,0.4,exclude,False,False,False,False,non_patent
402bb7c45f5132d0,True,2.4,0.7,exclude,False,False,False,False,non_patent
563dcf8f2f4b6626,True,2.1,1.8,exclude,False,True,True,True,below_threshold
d6dd9ed235e9aee7,True,0.8,0.7,exclude,False,False,False,False,non_patent
41d06b2e0fde6f44,True,3.4,4.8,include,False,False,True,True,
d612a0d86a3d889d,True,2.1,2.4,exclude,False,True,True,True,below_threshold
98323fae11a11c13,True,0.4,1.9,exclude,False,False,False,False,below_threshold
e09e0bc16ec2858d,True,2.4,1.2,exclude,False,False,False,False,off_topic
6d5ede6f35534b65,True,1.1,0.7,exclude,False,False,False,False,below_threshold
0f28a887debc0534,True,3.1,2.8,include,False,False,True,merged,
3abf8fc82518a76f,True,1.7,0.3,exclude,False,False,False,False,duplicate_excluded
627d9d955358873d,True,0.6,1.6,exclude,False,False,False,False,non_patent
4a52281703eefdb0,True,4.5,2.7,include,False,False,True,True,
b57524849fcb6103,True,5.0,3.7,include,False,False,True,True,
56e734dd3b52b5f0,True,1.0,1.3,exclude,False,False,False,False,non_patent
7571b2fbb6a0fd9a,True,3.9,4.5,include,False,False,True,True,
1855881f942b3703,True,0.9,2.2,exclude,False,False,False,False,below_threshold
2b08a0c92123ba2b,True,2.8,3.1,include,False,False,True,True,
a8384467b0650e21,True,1.7,0.4,exclude,False,False,False,False,below_threshold
88c3e2f2f8bb5e4e,True,3.9,4.1,include,False,False,True,True,
11771cb1f4939ef9,True,4.0,3.3,include,False,False,True,merged,
36c7afa99de64b22,True,4.9,3.6,include,False,False,True,True,
83a3e28287cedb0a,True,0.0,0.6,exclude,False,False,False,False,off_topic
988cde9fb3018474,True,3.6,3.5,include,False,False,True,True,
cca034a160d6908b,True,4.4,4.0,include,False,False,True,True,
4757eebb09a57515,True,1.3,0.9,exclude,False,False,False,False,below_threshold
d6b42c5efdac4eda,True,3.7,3.2,include,False,False,True,True,
602720f9144e3a5f,True,4.8,2.7,include,False,False,True,True,
312665113612013f,True,4.6,4.3,include,False,False,True,True,
cc9f3dea83beb2ee,True,0.9,0.9,exclude,False,False,False,False,off_topic
722a381fda6df62b,True,3.8,3.4,include,False,False,True,True,
d8f532429b31be57,True,2.7,4.3,include,False,False,True,True,
27095adcb4251498,True,1.1,0.2,exclude,False,False,False,False,below_threshold
295e68fd6b5f16fd,True,4.5,2.8,include,False,False,True,True,
a12d8e3fba3c5df2,True,4.6,4.1,include,False,False,True,True,
de5379d5d6f1d452,True,4.2,2.9,include,False,False,True,True,
e2b10c8a33a70b07,True,2.5,0.6,exclude,False,False,False,False,off_topic
bfa79dd1bb3e28c8,True,1.4,0.8,exclude,False,False,False,False,non_patent
557d297ebba31b24,True,2.4,0.6,exclude,False,False,False,False,non_patent
df2b4d6645822cc0,True,4.1,3.0,include,False,False,True,True,
78a4c1866672225c,True,4.1,3.5,include,False,False,True,True,
d678afbcd202e1b6,True,4.3,4.7,include,False,False,True,True,
524e9a80d38d78f1,True,3.6,3.6,include,False,False,True,True,
8a5a76f8f94459f6,True,2.5,3.0,include,False,False,True,True,
e7a6e5b7159f6063,True,3.2,4.3,include,False,False,True,True,
71263e9a6a3ec79d,True,4.5,3.9,include,False,False,True,True,
20a16f90c26d87f2,True,2.0,1.3,exclude,False,False,False,False,duplicate_excluded
b29da1a7a794c39e,True,0.8,1.1,exclude,False,False,False,False,duplicate_excluded
7d30fa5ec0082097,True,1.7,1.2,exclude,False,False,False,False,duplicate_excluded
b5ef8ac0f3dc6d1d,True,1.5,1.5,exclude,False,False,False,False,below_threshold
4b5f080ee0800505,True,0.9,2.1,exclude,False,False,False,False,off_topic
ebf788cb8a744df7,True,4.5,4.3,include,False,False,True,True,
feb8a8c0292ba492,True,0.7,1.5,exclude,False,False,False,False,below_threshold
7491c472d3bba074,True,1.7,0.8,exclude,False,False,False,False,off_topic
4b931662832d8820,True,3.3,3.0,include,False,False,True,True,
ff52cbd8b29f7478,True,1.7,1.3,exclude,False,False,False,False,non_patent
3629e723c9ce775b,True,4.0,3.9,include,False,False,True,True,
ba05136a35f0399a,True,3.6,3.7,include,False,False,True,True,
e668944f715ea4a6,True,3.8,4.8,include,False,False,True,True,
0814c03b50b36366,True,4.8,2.9,include,False,False,True,True,
254721cda6ce1aa5,True,0.4,0.7,exclude,False,False,False,False,off_topic
d1a73adcfef863e8,True,3.3,3.6,include,False,False,True,True,
f80e67a9f83a5913,True,0.1,0.9,exclude,False,False,False,False,below_threshold
b5d6e78239b424b4,True,1.2,0.5,exclude,False,False,False,False,non_patent
ab6b5e082fd46ac5,True,2.4,1.3,exclude,False,False,False,False,non_patent
f77496f60eab7d38,True,3.5,3.7,include,False,False,True,True,
f9570fb0a578c38c,True,1.8,1.1,exclude,False,False,False,False,off_topic
7c10524ec0db51c7,True,2.7,2.6,include,False,False,True,True,
d7fbe3229e53c551,True,1.9,0.7,exclude,False,False,False,False,duplicate_excluded
f9ad7ed10048a9da,True,0.6,0.7,exclude,False,False,False,False,non_patent
868de06943985953,True,1.4,1.9,exclude,False,False,False,False,non_patent
eed1dd7e88a97cc4,True,1.4,0.3,exclude,False,False,False,False,below_threshold
1c5527adccf2eebe,True,3.2,3.9,include,False,False,True,True,
186b2d4043658599,True,2.6,2.6,include,False,False,True,merged,
6eb565327603fc64,True,1.6,2.1,exclude,False,True,True,True,below_threshold
0363fe2466cee4d7,True,0.5,1.1,exclude,False,False,False,False,off_topic
aa4de16e7a653533,True,3.2,5.0,include,False,False,True,True,
aa0e642cb073acc6,True,1.1,0.9,exclude,False,False,False,False,below_threshold
b42763b0b508f11b,True,3.6,5.0,include,False,False,True,True,
e55df98567348a47,True,4.4,3.1,include,False,False,True,True,
0885c198c8c1453e,True,2.0,1.5,exclude,False,False,False,False,duplicate_excluded
9d6bc228fa339cf6,True,4.7,4.0,include,False,False,True,True,
d46ab8eb8cfe9af9,True,3.6,4.0,include,False,False,True,True,
41381156b87d193c,True,3.7,3.1,include,False,False,True,merged,
eb3f960c8a8762b6,True,1.4,1.3,exclude,False,False,False,False,off_topic
675226dc174163cd,True,3.3,4.3,include,False,False,True,True,
d65febd768b74592,True,3.2,3.2,include,False,False,True,True,
abee7ea04c64d3a8,True,2.6,3.1,include,False,False,True,merged,
7c361b0fbcd92e9a,True,0.3,1.9,exclude,False,False,False,False,non_patent
000e1ece7f6a54fb,True,4.0,3.3,include,False,False,True,merged,
d005535ac01212e6,True,1.8,0.3,exclude,False,False,False,False,off_topic
2153cd5c769543ae,True,4.0,3.8,include,False,False,True,merged,
3a9a5f9cf4e590d6,True,3.7,3.9,include,False,False,True,True,
7063ef0e5a5e87bc,True,3.2,3.5,include,False,False,True,True,
a22d0ba8a371dcf6,True,3.6,4.1,include,False,False,True,True,
de6f0512fc80d223,True,2.2,0.2,exclude,False,False,False,False,duplicate_excluded
100ae926766e7f85,True,4.2,4.7,include,False,False,True,True,
50e2e6a3fd2e9c30,True,3.6,3.7,include,False,False,True,True,
52cec96d7e594bcd,True,4.0,4.7,include,False,False,True,True,
d0d6a280cfe528e5,True,2.1,0.2,exclude,False,False,False,False,non_patent
a98069a6dd207f09,True,4.1,4.2,include,False,False,True,True,
8a1bd06d6a347ae1,True,4.6,4.5,include,False,False,True,True,
836c0b89e4b92b67,True,3.5,4.9,include,False,False,True,True,
20c5c9d456464969,True,4.6,3.7,include,False,False,True,True,
6f569692e482ab72,True,3.3,3.2,include,False,False,True,True,
becdbab04e78732c,True,1.4,0.3,exclude,False,False,False,False,non_patent
379305dab7684e59,True,4.5,4.7,include,False,False,True,True,
6472e5b8f019dde5,True,1.9,0.1,exclude,False,False,False,False,non_patent
8fd15e76a033c9c2,True,0.0,2.3,exclude,True,False,False,False,off_topic
cd207a5ac2d9ea41,True,3.6,2.5,include,False,False,True,True,
9a2fa4905660fd88,True,2.4,0.5,exclude,False,False,False,False,off_topic
ffb39ab9ef641ca5,True,2.2,0.8,exclude,False,False,False,False,duplicate_excluded
18f8d7c1ee9c7d55,True,0.2,0.9,exclude,False,False,False,False,below_threshold
cc15a3c0a28eccdf,True,3.4,4.8,include,False,False,True,True,
9583f5171da90c9c,True,0.4,1.0,exclude,False,False,False,False,duplicate_excluded
a8d5ff8af873db17,True,1.8,1.9,exclude,False,False,False,False,non_patent
9b0ae81a7c84ad1f,True,1.6,1.8,exclude,False,False,False,False,below_threshold
4b5f925cfed92340,True,3.0,2.7,include,False,False,True,True,
6afea50a5a66b5a0,True,4.0,3.8,include,False,False,True,True,
524bba352fb37369,True,3.6,2.5,include,False,False,True,True,
e9aab5640f06f7d8,True,0.9,0.3,exclude,False,False,False,False,non_patent
6115f2987471632b,True,4.2,3.7,include,False,False,True,True,
269a0c56d095085b,True,0.6,0.2,exclude,False,False,False,False,below_threshold
35372a1c33b69ff8,True,0.3,0.9,exclude,False,False,False,False,duplicate_excluded
ff3485fd50aada93,True,0.3,1.9,exclude,False,False,False,False,off_topic
d3bd8d5a9d482723,True,1.6,1.7,exclude,False,False,False,False,below_threshold
efcff8060fbf469b,True,1.3,0.0,exclude,False,False,False,False,off_topic
19166a49e1b8fccc,True,3.6,4.3,include,False,False,True,True,
67dcde2d344754e5,True,4.1,2.9,include,False,False,True,True,
7632c9c6819fd7e6,True,1.0,1.7,exclude,False,False,False,False,off_topic
db41ed910e57045f,True,0.2,0.3,exclude,False,False,False,False,below_threshold
abe3d4e39ef4b67a,True,1.5,1.0,exclude,False,False,False,False,non_patent
37e9881237456693,True,3.3,2.8,include,False,False,True,True,
7cb178e881c8703c,True,3.2,2.7,include,False,False,True,True,
f2ff9c1b6a5c14c1,True,1.4,1.5,exclude,False,False,False,False,duplicate_excluded
24ca0fbfc1515bab,True,1.9,1.7,exclude,False,False,False,False,duplicate_excluded
e93cd08f708711d1,True,3.0,4.0,include,False,False,True,True,
a0369390371720f1,True,0.5,1.0,exclude,False,False,False,False,below_threshold
83962da502ffe66c,True,2.5,3.6,include,False,False,True,merged,
a88b6d64ff173ad1,True,3.7,2.8,include,False,False,True,True,
693cf507e4ffe8a4,True,1.2,1.5,exclude,False,False,False,False,below_threshold
cb1aeee60e1fc9c9,True,3.5,3.3,include,False,False,True,merged,
b86b90c6624beca3,True,3.5,4.6,include,False,False,True,True,
b69131a3c82b6d20,True,1.1,1.4,exclude,False,False,False,False,off_topic
63a592ff483e3111,True,2.9,3.5,include,False,False,True,merged,
5758c5e9577fef94,True,0.0,0.2,exclude,False,False,False,False,duplicate_excluded
43e3d446cae9de06,True,3.0,4.8,include,False,False,True,True,
4804de38f3b5db9c,True,2.4,1.0,exclude,False,False,False,False,duplicate_excluded
85c6a0a32d9e36a7,True,1.6,1.3,exclude,False,False,False,False,non_patent
87b88055d30bdfc1,True,1.1,1.0,exclude,False,False,False,False,off_topic
1ca7b6cb30e3c363,True,0.7,0.8,exclude,False,False,False,False,off_topic
8a1f8a95b02b5e04,True,2.4,0.4,exclude,False,False,False,False,duplicate_excluded
0e24e69802092860,True,1.0,1.6,exclude,False,False,False,False,below_threshold
9219bd7c9439e034,True,3.3,3.6,include,False,False,True,True,
b05d0c5fb158802a,True,2.4,0.6,exclude,False,False,False,False,off_topic
1fe0c4f7e1221b72,True,2.7,3.6,include,False,False,True,True,
34165852dca313dd,True,1.1,1.5,exclude,False,False,False,False,duplicate_excluded
7a822a993017f8fd,True,1.7,1.6,exclude,False,False,False,False,off_topic
3bbf4c203d66d7c0,True,0.3,1.8,exclude,False,False,False,False,below_threshold
233f6fc4a73152d3,True,0.4,2.4,exclude,False,False,False,False,duplicate_excluded
1f5b1034f8599002,True,2.9,2.8,include,False,False,True,True,
ece9fe39832985fd,True,4.5,3.2,include,False,False,True,True,
1c51aca3d2be76ea,True,4.7,4.4,include,False,False,True,True,
25593d8555bcb726,True,0.1,2.0,exclude,False,False,False,False,duplicate_excluded
0442ebda063bd8cd,True,1.3,0.7,exclude,False,False,False,False,below_threshold
7480344bf3208e6d,True,1.2,1.3,exclude,False,False,False,False,below_threshold
f80468341eee5f59,True,1.2,1.4,exclude,False,False,False,False,duplicate_excluded
1aab206e22114eb4,True,2.9,4.4,include,False,False,True,True,
88cff794eaf9723b,True,4.7,4.2,include,False,False,True,True,
b14597d99b0da462,True,0.3,1.9,exclude,False,False,False,False,below_threshold
76601ae8ff63411e,True,0.1,2.2,exclude,True,False,False,False,off_topic
aeb95f43be510b57,True,0.1,0.9,exclude,False,False,False,False,off_topic
80f682927cde7d4b,True,0.4,2.4,exclude,False,False,False,False,below_threshold
f5c4b6c4d99179d4,True,1.4,2.3,exclude,False,False,False,False,non_patent
9dcb105c5df2093e,True,0.6,0.6,exclude,False,False,False,False,duplicate_excluded
98ffc05e9499c03a,True,0.7,0.2,exclude,False,False,False,False,duplicate_excluded
ca5d8a22dba1b728,True,0.3,1.7,exclude,False,False,False,False,below_threshold
c698e1ada20f5f19,True,2.9,4.5,include,False,False,True,True,
2b2eb7da67221488,True,5.0,4.9,include,False,False,True,True,
d5f85d1ba5b6803d,True,0.2,1.2,exclude,False,False,False,False,duplicate_excluded
874a1084fe6c74a8,True,1.9,0.8,exclude,False,False,False,False,below_threshold
55797c59ef21ba9c,True,1.4,0.0,exclude,False,False,False,False,off_topic
41f9e6f59e15b77a,True,0.7,2.0,exclude,False,False,False,False,off_topic
49ab695df99c8587,True,1.2,1.5,exclude,False,False,False,False,non_patent
951dbc8fed8c2474,True,5.0,4.4,include,False,False,True,True,
c761213cbc113333,True,4.3,3.9,include,False,False,True,True,
cf0aaee03b3eddd5,True,2.0,0.4,exclude,False,False,False,False,non_patent
c65a8f6b08444ebd,True,2.6,3.9,include,False,False,True,True,
c908d948a3d40334,True,1.6,1.7,exclude,False,False,False,False,below_threshold
bdcfedc5568ecbde,True,2.4,0.0,exclude,True,False,False,False,non_patent
0b1ed8d43eb84050,True,2.7,3.2,include,False,False,True,merged,
028de83b2b9701c4,True,0.5,2.5,exclude,False,False,False,False,non_patent
2286bd489c42deb5,True,1.2,0.1,exclude,False,False,False,False,off_topic
a9fe38405533cd25,True,1.8,0.2,exclude,False,False,False,False,off_topic
e6787f93c8fd552a,True,2.2,1.3,exclude,False,False,False,False,duplicate_excluded
f98f6d7c05f64f1a,True,3.6,4.4,include,False,False,True,True,
47db4b392d88b37b,True,1.5,1.3,exclude,False,False,False,False,non_patent
bd20eb3ba70cc070,True,0.2,1.4,exclude,False,False,False,False,non_patent
0a399d8fb1f60ee2,True,4.2,2.8,include,False,False,True,True,
60858448800a0e8c,True,3.2,4.6,include,False,False,True,True,
75cb850963937152,True,4.8,3.5,include,False,False,True,True,
4faba7d8896a04d4,True,4.6,3.3,include,False,False,True,True,
d89e1cb3c8abf465,True,1.1,0.6,exclude,False,False,False,False,off_topic
4cd21bc1337e5473,True,0.3,1.9,exclude,False,False,False,False,below_threshold
0447b4e820cbaa97,True,2.9,2.9,include,False,False,True,True,
f16bc63cda3387c5,True,1.2,1.0,exclude,False,False,False,False,duplicate_excluded
f99ed71c8291277d,True,2.4,0.5,exclude,False,False,False,False,duplicate_excluded
6fd8581a88a86a1f,True,1.2,2.1,exclude,False,False,False,False,below_threshold
b6301e4fa17a850c,True,2.9,4.2,include,False,False,True,True,
546a48b49854d7f2,True,4.6,4.2,include,False,False,True,True,
3dfb1d27e3fce907,True,0.1,2.1,exclude,False,False,False,False,duplicate_excluded
2740cbf0cacc67b2,True,2.9,4.3,include,False,False,True,True,
5e9266c33ab789db,True,4.9,3.5,include,False,False,True,True,
84a5a38301abaee1,True,0.1,0.7,exclude,False,False,False,False,off_topic
f38c607534ddc7bc,True,0.1,1.0,exclude,False,False,False,False,non_patent
f8ba7a6ad18f3ffa,True,1.4,1.4,exclude,False,False,False,False,below_threshold
f7686dcc9ff3154b,True,1.2,2.0,exclude,False,False,False,False,off_topic
d70bf42214d67314,True,0.3,0.2,exclude,False,False,False,False,off_topic
77dc8e5d88f15cff,True,0.3,2.1,exclude,False,False,False,False,duplicate_excluded
3dc94d00355a1c9e,True,4.2,4.8,include,False,False,True,True,
5697b855a2efbec1,True,0.2,1.5,exclude,False,False,False,False,below_threshold
3d2f4eaaaa803890,True,0.1,0.2,exclude,False,False,False,False,non_patent
de288d913159144a,True,2.0,0.2,exclude,False,False,False,False,duplicate_excluded
6dc3dbe65fdce61f,True,2.8,4.9,include,False,False,True,True,
d58a8dc8dcddc98f,True,0.1,2.3,exclude,True,False,False,False,non_patent
7893ffbaffc32eb3,True,4.6,3.5,include,False,False,True,True,
11f502050c859fa1,True,0.1,1.7,exclude,False,False,False,False,off_topic
d651181938366c43,True,0.9,2.3,exclude,False,False,False,False,duplicate_excluded
062b023cb89359c1,True,0.7,2.2,exclude,False,False,False,False,below_threshold
08af13cc0d3b4231,True,4.0,4.0,include,False,False,True,True,
5539c0bac08bfb52,True,4.1,3.7,include,False,False,True,True,
e59a4e685a5c3ca9,True,4.7,3.7,include,False,False,True,True,
0d8b68244e7f9856,True,2.7,3.5,include,False,False,True,True,
46a93b2f86935810,True,1.0,1.6,exclude,False,False,False,False,off_topic
db43e8110b3d9265,True,4.1,4.5,include,False,False,True,True,
6efaaf5ea6672bd5,True,4.5,5.0,include,False,False,True,True,
50820052ac2724e5,True,4.5,3.4,include,False,False,True,True,
d55a74f63ef95222,True,1.4,1.2,exclude,False,False,False,False,duplicate_excluded
6ab0e7f0674d2ac5,True,1.0,0.4,exclude,False,False,False,False,duplicate_excluded
6b189a7d2219bc2c,True,1.5,0.1,exclude,False,False,False,False,duplicate_excluded
037d66119e0f36a7,True,2.6,5.0,include,False,False,True,True,
2d155fc3b5a88626,True,1.3,1.9,exclude,False,False,False,False,off_topic
dac5fca3a23a8252,True,2.4,0.3,exclude,True,False,False,False,off_topic
cf0e678b192a740b,True,3.2,4.5,include,False,False,True,True,
d6ecfd768ebc8f87,True,2.3,0.1,exclude,True,False,False,False,off_topic
0f3dc8ea37f68ce8,True,3.9,5.0,include,False,False,True,True,
076aedbe128d449a,True,3.5,4.8,include,False,False,True,True,
ff664167ef960045,True,2.5,0.4,exclude,True,False,False,False,off_topic
2e166ceeda131019,True,4.0,4.5,include,False,False,True,True,
fe0788310e8c3364,True,4.2,4.8,include,False,False,True,True,
05dff402db14a351,True,2.6,4.3,include,False,False,True,True,
0916f72d6f9e843a,True,4.9,3.9,include,False,False,True,True,
0045aabe0a653123,True,1.4,0.5,exclude,False,False,False,False,non_patent
72d95f259ba14772,True,1.4,0.4,exclude,False,False,False,False,below_threshold
c59c80fb9320694c,True,0.2,0.6,exclude,False,False,False,False,off_topic
68e06a77281746b6,True,2.5,3.7,include,False,False,True,True,
fbd41106ba3f90b6,True,0.8,1.5,exclude,False,False,False,False,off_topic
8c1546e40974f06e,True,0.9,0.4,exclude,False,False,False,False,duplicate_excluded
851eecf18be0b272,True,0.1,0.4,exclude,False,False,False,False,off_topic
ea3572dab19a0000,True,3.2,3.9,include,False,False,True,merged,
fb5fbc9f8bce13cb,True,4.9,3.4,include,False,False,True,True,
520c780859c006c4,True,2.4,1.0,exclude,False,False,False,False,below_threshold
d63b23a34f419274,True,3.3,3.3,include,False,False,True,True,
fff6ca6b479b073e,True,3.8,2.9,include,False,False,True,merged,
3e38499cc069b872,True,3.3,2.8,include,False,False,True,merged,
ad8f557b538c9f95,True,0.4,2.4,exclude,False,False,False,False,duplicate_excluded
10ef6cbc79223b15,True,3.1,4.0,include,False,False,True,True,
4dabdfb3fae900c4,True,0.4,0.8,exclude,False,False,False,False,duplicate_excluded
cd29fc82d9c1a832,True,0.3,1.8,exclude,False,False,False,False,non_patent
8cc21bbf5df91679,True,4.6,4.4,include,False,False,True,True,
0838ee92130f2e35,True,1.4,0.5,exclude,False,False,False,False,duplicate_excluded
96eefe638fd31f2e,True,4.8,4.9,include,False,False,True,True,
47e35d56f7e565ea,True,0.6,1.4,exclude,False,False,False,False,non_patent
e8ec5bace61cacdf,True,2.9,4.4,include,False,False,True,True,
976e9eff8c6e751e,True,0.6,2.5,exclude,False,False,False,False,off_topic
cd83c72d350139b0,True,3.9,3.8,include,False,False,True,merged,
47f499da1ee0536a,True,3.6,3.2,include,False,False,True,True,
0d7ff53fb2182e3c,True,3.1,2.7,include,False,False,True,True,
079be9e107312788,True,3.1,2.8,include,False,False,True,True,
bed1bdf9d2356eb2,True,0.0,1.0,exclude,False,False,False,False,non_patent
e3cffa26877de6d0,True,4.9,4.7,include,False,False,True,True,
b99c75539c1fba99,True,1.2,0.9,exclude,False,False,False,False,non_patent
aeb94fe5ba54e696,True,0.3,1.2,exclude,False,False,False,False,off_topic
427dd583c8d91c04,True,2.9,2.7,include,False,False,True,True,
40dab8b1413760d3,True,4.6,3.2,include,False,False,True,True,
0063573c404dbe84,True,0.8,2.4,exclude,False,False,False,False,below_threshold
1bfe41479756fc17,True,3.4,4.7,include,False,False,True,True,
be172fe14a96f425,True,2.9,2.7,include,False,False,True,True,
5f3c71681b37bb6b,True,4.9,4.9,include,False,False,True,True,
ee97e32017dc619a,True,0.8,2.5,exclude,False,False,False,False,non_patent
be6a8df3339af9fa,True,1.8,1.1,exclude,False,False,False,False,off_topic
9283cc8fc7236092,True,1.8,2.1,exclude,False,True,True,True,below_threshold
4e4619a667d8f0a7,True,0.1,0.8,exclude,False,False,False,False,off_topic
8fa4f1cae841c4eb,True,1.0,1.4,exclude,False,False,False,False,duplicate_excluded
cf6c2c6665d9404f,True,1.7,0.7,exclude,False,False,False,False,below_threshold
2f6b341324460f14,True,0.1,1.4,exclude,False,False,False,False,non_patent
9b335a2399d140ef,True,2.9,3.4,include,False,False,True,True,
67a15ca8ed99f13e,True,1.1,0.7,exclude,False,False,False,False,non_patent
9b917234a256434c,True,3.0,2.6,include,False,False,True,True,
e61b5e7d25e4584f,True,0.4,0.7,exclude,False,False,False,False,below_threshold
2ad9cf0c3218c0d2,True,1.2,0.3,exclude,False,False,False,False,non_patent
5dbf3b3ec75553d4,True,1.2,2.2,exclude,False,False,False,False,duplicate_excluded
fc261d614f634459,True,0.2,1.4,exclude,False,False,False,False,off_topic
16c3cda87d019030,True,0.9,1.0,exclude,False,False,False,False,off_topic
398da0cb35ec40b9,True,3.6,3.2,include,False,False,True,True,
ee1cdf35868a8d6f,True,1.2,0.6,exclude,False,False,False,False,duplicate_excluded
124f7c3efb04efe8,True,1.4,0.4,exclude,False,False,False,False,below_threshold
06ec03a3101d1104,True,0.2,0.9,exclude,False,False,False,False,non_patent
1bd9ff4110542294,True,4.9,4.0,include,False,False,True,True,
1baa8f236b996436,True,1.4,2.1,exclude,False,False,False,False,non_patent
175e9c7b5846495e,True,3.4,2.7,include,False,False,True,merged,
35d55ff52bf38ad4,True,1.4,0.6,exclude,False,False,False,False,duplicate_excluded
8896f97e0640e6b5,True,2.7,4.8,include,False,False,True,True,
d2de9bbcf62247de,True,4.3,3.8,include,False,False,True,True,
9859c424a26b1da9,True,3.6,3.3,include,False,False,True,merged,
a1545f6494a47d6c,True,0.3,1.9,exclude,False,False,False,False,off_topic
d255aff0e3adbea5,True,2.4,0.4,exclude,False,False,False,False,off_topic
22b9ad2dd1ca0fdb,True,4.5,2.8,include,False,False,True,True,
2c3b807f9eae77fa,True,1.1,2.5,exclude,False,False,False,False,non_patent
a1937c0a938de105,True,0.5,2.1,exclude,False,False,False,False,off_topic
16598a094a712d1a,True,2.1,0.6,exclude,False,False,False,False,below_threshold
72c13f0441828c73,True,2.7,3.9,include,False,False,True,True,
ee35faf8d82502e5,True,3.9,4.6,include,False,False,True,True,
cfafdbb02095c0df,True,1.3,2.3,exclude,False,False,False,False,below_threshold
83e85725a1a68774,True,2.0,1.6,exclude,False,False,False,False,non_patent
d96b491dacedfed4,True,2.8,2.9,include,False,False,True,True,
3c87b7c2bbfa91b2,True,3.9,4.0,include,False,False,True,True,
9fb8983e4e678978,True,4.9,2.8,include,False,False,True,True,
b483d8ab3bff088a,True,2.8,4.4,include,False,False,True,True,
f64e57fc5e55b485,True,3.7,3.3,include,False,False,True,merged,
33ea481141b459bf,True,2.2,0.7,exclude,False,False,False,False,non_patent
4effeefbe1dae1e2,True,1.4,1.2,exclude,False,False,False,False,off_topic
0ceb9ea55aa530cc,True,3.2,2.9,include,False,False,True,True,
601e771ac792624a,True,1.5,1.7,exclude,False,False,False,False,below_threshold
c269f50361ab6012,True,3.5,4.7,include,False,False,True,True,
8bc79113678f4be6,True,1.7,0.1,exclude,False,False,False,False,non_patent
04f155e891aa61fc,True,4.8,4.7,include,False,False,True,True,
d4d8440117035595,True,0.1,2.0,exclude,False,False,False,False,duplicate_excluded
c9781032fbab567d,True,3.3,4.6,include,False,False,True,True,
77179583178044d0,True,2.1,1.7,exclude,False,False,False,False,off_topic
118a4c44d36d81a1,True,0.3,2.4,exclude,True,False,False,False,non_patent
55934754cfc8576f,True,1.9,0.8,exclude,False,False,False,False,non_patent
62c68e8a0af8022c,True,4.0,2.7,include,False,False,True,True,
8500ceea64bb639c,True,1.1,2.3,exclude,False,False,False,False,non_patent
3f83876e00becff0,True,4.4,4.4,include,False,False,True,True,
58fc59775c24efea,True,2.5,3.0,include,False,False,True,merged,
67448c9a46e6db3a,True,2.7,4.3,include,False,False,True,True,
3be1ce9fbc852cc4,True,1.0,2.0,exclude,False,False,False,False,below_threshold
e8bafd470a85b016,True,0.4,2.2,exclude,False,False,False,False,off_topic
b8ab00f76321053c,True,2.1,0.6,exclude,False,False,False,False,non_patent
702fb5274d654835,True,0.1,0.9,exclude,False,False,False,False,off_topic
e7c25571175711ae,True,3.2,4.6,include,False,False,True,True,
a9f2b2ba21dac335,True,1.3,1.6,exclude,False,False,False,False,below_threshold
02d1658d9fb4c4cf,True,1.7,0.6,exclude,False,False,False,False,non_patent
ef2fe2490824350f,True,4.0,2.9,include,False,False,True,True,
ada119d101c14e12,True,2.2,1.5,exclude,False,False,False,False,duplicate_excluded
d6e1adc5ccf710a9,True,3.4,4.6,include,False,False,True,True,
aed5309a26ca9a4a,True,0.6,2.1,exclude,False,False,False,False,below_threshold
43e40244a0d6f27f,True,0.7,1.0,exclude,False,False,False,False,off_topic
c69a1e49434e7dfb,True,2.5,3.9,include,False,False,True,merged,
5509509e0b21bb25,True,2.1,1.6,exclude,False,False,False,False,off_topic
097d0c100983da59,True,0.7,1.0,exclude,False,False,False,False,below_threshold
e9d16021ebe78841,True,3.8,3.7,include,False,False,True,merged,
42828a25380466f2,True,3.7,2.8,include,False,False,True,True,
b002dcfad7ae1174,True,0.4,2.0,exclude,False,False,False,False,off_topic
34a4689f85a3ce3d,True,0.6,2.0,exclude,False,False,False,False,duplicate_excluded
81fecb9a2830d6e0,True,1.8,1.6,exclude,False,True,True,True,below_threshold
19f1195c4fe202d7,True,3.2,4.7,include,False,False,True,True,
011e17fb47de5223,True,2.1,1.1,exclude,False,False,False,False,off_topic
5a950430dd812ad2,True,3.7,4.2,include,False,False,True,True,
2940b5d6bd989e3f,True,2.1,1.0,exclude,False,False,False,False,below_threshold
0e062fedb6eb9d45,True,0.0,2.5,exclude,True,False,False,False,duplicate_excluded
55a9b081baeb594e,True,3.9,4.0,include,False,False,True,True,
b9e2dfc0a09390a6,True,0.7,1.7,exclude,False,False,False,False,non_patent
d2ddc91e1a6e9d8c,True,0.2,2.5,exclude,True,False,False,False,duplicate_excluded
9b4f1dfd002e51cd,True,2.2,0.7,exclude,False,False,False,False,duplicate_excluded
70430c5deb655c4e,True,0.5,1.3,exclude,False,False,False,False,off_topic
db2cac5a6db52052,True,4.7,4.5,include,False,False,True,True,
69fbbc0ea988ef40,True,2.0,1.5,exclude,False,False,False,False,duplicate_excluded
e6d676ed19c00c07,True,1.7,1.8,exclude,False,False,False,False,non_patent
b334a26efac34412,True,5.0,3.1,include,False,False,True,True,
6489566ce2bd9025,True,1.0,1.0,exclude,False,False,False,False,below_threshold
a4eca27c5c7503f6,True,3.8,3.9,include,False,False,True,merged,
a45c447d2bb9a495,True,3.4,4.3,include,False,False,True,True,
f5944197b6ab2a21,True,1.7,1.6,exclude,False,False,False,False,non_patent
00fda713ebcd91cd,True,2.6,3.2,include,False,False,True,merged,
1665f9e784a9ca16,True,2.6,3.6,include,False,False,True,merged,
392ce461bb10678a,True,3.2,3.7,include,False,False,True,True,
6e7624447c8d245a,True,4.4,4.3,include,False,False,True,True,
79b84c1f7e455ed4,True,1.4,2.3,exclude,False,False,False,False,duplicate_excluded
12c4cb11a3657baa,True,1.6,0.6,exclude,False,False,False,False,off_topic
49d263305ab18a81,True,4.4,3.3,include,False,False,True,True,
e96ea7aeb4097746,True,2.0,0.8,exclude,False,False,False,False,duplicate_excluded
e34d49c99a4a96e0,True,1.5,1.2,exclude,False,False,False,False,below_threshold
1b704b042ccb4c99,True,1.2,2.2,exclude,False,False,False,False,below_threshold
97cbb77031a6590a,True,1.2,0.5,exclude,False,False,False,False,below_threshold
0c4adbc89565e78c,True,4.7,3.5,include,False,False,True,True,
7f4dbb2643a13309,True,3.2,2.6,include,False,False,True,True,
b1209a45d39231cd,True,2.1,0.3,exclude,False,False,False,False,off_topic
f08a40ac1a1278c3,True,3.4,5.0,include,False,False,True,True,
e78621e448ceda10,True,3.6,2.7,include,False,False,True,merged,
7102c5a865c9137f,True,0.8,1.8,exclude,False,False,False,False,below_threshold
165f7cdb3751fd46,True,1.2,1.6,exclude,False,False,False,False,off_topic
5a9c787076880483,True,0.8,0.1,exclude,False,False,False,False,non_patent
6eeaa33f11cd1b13,True,3.2,4.4,include,False,False,True,True,
ecc973da21bc39ff,True,2.9,4.4,include,False,False,True,True,
b20cba6f9774aaeb,True,3.7,4.4,include,False,False,True,True,
f60175d49081818b,True,2.7,4.0,include,False,False,True,True,
657e52e5f0a1815c,True,1.6,1.0,exclude,False,False,False,False,non_patent
6e4bca04a3a2be82,True,1.0,0.1,exclude,False,False,False,False,off_topic
599be630375644c2,True,4.3,4.9,include,False,False,True,True,
f2f366d4b26e27f0,True,3.2,3.3,include,False,False,True,merged,
3d4b3e64bbea738e,True,0.0,0.0,exclude,False,False,False,False,off_topic
20d679f299a6fcc1,True,3.1,4.7,include,False,False,True,True,
a61757f1fb8aac6b,True,0.8,0.3,exclude,False,False,False,False,duplicate_excluded
d554ab1d3448f44f,True,0.4,2.1,exclude,False,False,False,False,duplicate_excluded
8481040d4db2c3f0,True,2.4,1.1,exclude,False,False,False,False,duplicate_excluded
575adb4460c2b0f1,True,3.6,4.2,include,False,False,True,True,
7e485bc8ac7f43bd,True,0.3,2.5,exclude,True,False,False,False,non_patent
0b05f962b9c0a501,True,3.4,3.0,include,False,False,True,True,
1f3ee0141cfbeb1f,True,2.9,3.8,include,False,False,True,merged,
8860c5cbb46873c9,True,0.0,0.6,exclude,False,False,False,False,off_topic
2dc05f82ea4729af,True,0.5,0.1,exclude,False,False,False,False,off_topic
b8d430ca1fdaa387,True,0.3,1.8,exclude,False,False,False,False,below_threshold
d8c38f3923957f5c,True,0.9,1.6,exclude,False,False,False,False,below_threshold
a5376624d4075f76,True,4.0,2.6,include,False,False,True,True,
4ff856dfc68520c5,True,0.3,2.1,exclude,False,False,False,False,below_threshold
e50e02198e5d4426,True,1.7,1.0,exclude,False,False,False,False,non_patent
e3ec6de08757820a,True,2.8,3.1,include,False,False,True,True,
b74afaef739f2caa,True,4.3,3.0,include,False,False,True,True,
3634b7f1a892dc0b,True,1.7,0.0,exclude,False,False,False,False,non_patent
b20f60e35edad298,True,1.7,1.7,exclude,False,False,False,False,duplicate_excluded
59cfc7294fbe2af7,True,1.6,1.8,exclude,False,False,False,False,non_patent
f035fbdcdacee30b,True,2.1,0.3,exclude,False,False,False,False,below_threshold
20e79eca38bd6195,True,0.7,2.0,exclude,False,False,False,False,non_patent
659889784c23357c,True,3.0,3.0,include,False,False,True,True,
14fda8730ed2a85a,True,3.2,3.8,include,False,False,True,True,
0ad63639eebd394d,True,3.0,4.3,include,False,False,True,True,
e739f94839c66701,True,3.2,2.6,include,False,False,True,True,
ce59eb1e89a9a6ba,True,3.7,3.0,include,False,False,True,True,
88094928ecc9f16c,True,2.3,0.8,exclude,False,False,False,False,below_threshold
3cf4ea8daedcc84d,True,2.5,2.7,include,False,False,True,True,
76971bcfbd7b9090,True,0.3,1.4,exclude,False,False,False,False,non_patent
86f553fd989fb8fe,True,2.9,2.7,include,False,False,True,True,
a262d57a452ce797,True,3.8,4.3,include,False,False,True,True,
ef4650d42204b848,True,0.3,0.6,exclude,False,False,False,False,off_topic
3004b965e9a9d37a,True,1.9,1.7,exclude,False,True,True,True,below_threshold
3f79668e1d80717f,True,0.7,0.1,exclude,False,False,False,False,off_topic
0c0bd752060c6233,True,3.3,3.6,include,False,False,True,merged,
6c195665cee12178,True,2.0,0.8,exclude,False,False,False,False,below_threshold
5e65178e0a51e9ce,True,2.7,4.4,include,False,False,True,True,
8aedfbca26056c96,True,0.1,2.1,exclude,False,False,False,False,off_topic
d9e13260539764f6,True,3.3,4.7,include,False,False,True,True,
18d01965cc01f5ca,True,4.9,3.2,include,False,False,True,True,
3e829afe6a01e1fc,True,1.8,0.9,exclude,False,False,False,False,duplicate_excluded
df68e6fbb16a719d,True,3.0,3.5,include,False,False,True,True,
3c13b907a8368e78,True,2.4,0.7,exclude,False,False,False,False,non_patent
c4ba66c3b08d12ac,True,1.7,1.2,exclude,False,False,False,False,non_patent
2e54a0b90ecb1e98,True,4.1,4.5,include,False,False,True,True,
206f68e53ed84714,True,0.3,1.7,exclude,False,False,False,False,below_threshold
458465ce044d2001,True,2.8,3.0,include,False,False,True,merged,
ec34b8faa9327e9e,True,1.0,1.5,exclude,False,False,False,False,non_patent
809cfca01b573ac7,True,0.5,0.9,exclude,False,False,False,False,duplicate_excluded
5e073ff5192e7499,True,4.0,4.7,include,False,False,True,True,
cd353aabd11057e0,True,4.0,3.5,include,False,False,True,merged,
f4430ad32d31a3c6,True,3.7,3.7,include,False,False,True,True,
2c021b7c4109e2b6,True,2.2,1.1,exclude,False,False,False,False,below_threshold
7def1b3ea09d5199,True,0.7,0.8,exclude,False,False,False,False,off_topic
ad77984a3172ddb1,True,4.9,4.2,include,False,False,True,True,
77fbce905a344aeb,True,3.3,3.8,include,False,False,True,True,
adec9a6aa718265b,True,4.3,2.7,include,False,False,True,True,
b78bbb06485d6eec,True,1.7,0.6,exclude,False,False,False,False,duplicate_excluded
d0c0da8d1695855f,True,1.7,1.6,exclude,False,False,False,False,off_topic
6f35d1a3ecb748c1,True,4.6,3.9,include,False,False,True,True,
2617503a80ac8a7f,True,2.5,0.1,exclude,True,False,False,False,off_topic
2591b62908ed7ad7,True,3.8,3.7,include,False,False,True,True,
48e9cc9afb621253,True,1.2,0.4,exclude,False,False,False,False,non_patent
99d453398f2ea300,True,3.3,3.3,include,False,False,True,True,
3e8606503ccc3aa4,True,0.7,1.3,exclude,False,False,False,False,non_patent
c6f0faeea6b6ebca,True,1.0,0.6,exclude,False,False,False,False,non_patent
d06e9c073d174cbc,True,1.1,1.4,exclude,False,False,False,False,below_threshold
9331f75d51d82412,True,4.6,3.6,include,False,False,True,True,
cd60fd1d11fa3ea3,True,0.3,1.2,exclude,False,False,False,False,below_threshold
ea87f3ad48d13735,True,2.8,3.5,include,False,False,True,True,
9cf1f21d9853609d,True,1.4,0.0,exclude,False,False,False,False,below_threshold
01ef763756512be1,True,3.2,3.3,include,False,False,True,merged,
96a0c02abccc1f0f,True,4.7,3.9,include,False,False,True,True,
1ab9f8c9b9225de8,True,4.1,3.6,include,False,False,True,True,
84f4209ff64efb0e,True,0.9,2.1,exclude,False,False,False,False,off_topic
bfce0df823b89ebf,True,2.1,0.8,exclude,False,False,False,False,non_patent
7da1c5ce617abe4f,True,1.8,0.9,exclude,False,False,False,False,non_patent
459ad9a9ad8d8a5d,True,2.8,4.4,include,False,False,True,True,
d4bccb6a874ed24b,True,3.1,3.4,include,False,False,True,True,
a389f26dc662b43d,True,2.7,2.8,include,False,False,True,merged,
672b5298279804ae,True,1.4,0.9,exclude,False,False,False,False,below_threshold
1a881309f8582476,True,1.8,2.1,exclude,False,True,True,True,below_threshold
74015d1558c80a89,True,0.4,1.8,exclude,False,False,False,False,non_patent
f485085510f8fd0e,True,2.8,4.0,include,False,False,True,True,
1bc48c621495e517,True,3.0,4.8,include,False,False,True,True,
fbb44cf04086f4ae,True,1.0,1.1,exclude,False,False,False,False,off_topic
ab9b74fe0306e398,True,1.8,0.3,exclude,False,False,False,False,non_patent
629cce19391d3ae6,True,1.7,1.7,exclude,False,True,True,True,below_threshold
deddec05ce114b24,True,4.2,2.8,include,False,False,True,True,
09623e5121bf8557,True,4.7,3.6,include,False,False,True,True,
573ab6c02d52eeae,True,4.0,3.8,include,False,False,True,True,
4e95f1851600cacd,True,2.4,0.0,exclude,True,False,False,False,below_threshold
f58dd71ff3d39155,True,3.9,3.6,include,False,False,True,True,
21b826fab427af03,True,4.0,4.8,include,False,False,True,True,
5b4420275bc8e2ec,True,4.5,4.8,include,False,False,True,True,
acba8621ecbdd3fb,True,1.7,0.4,exclude,False,False,False,False,off_topic
b3c5fc35fbf2627b,True,0.3,1.6,exclude,False,False,False,False,duplicate_excluded
0e7000041b58ef70,True,1.3,1.0,exclude,False,False,False,False,off_topic
074127b67255d89c,True,3.2,4.9,include,False,False,True,True,
dc3a9f8bcb55d7ff,True,4.9,3.6,include,False,False,True,True,
